Country Name,Country Code,Indicator Name,Indicator Code,2000,2001,2002,2003,2004,2005,2006,2007,2008,2009,2010,2011,2012,2013,2014,2015,2016,2017,2018,2019,2020,2021,2022
Aruba,ABW,CO2 emissions from solid fuel consumption (% of total),EN.ATM.CO2E.SF.ZS,,,,,,,,,,,,,,,,,,,,,,,
Africa Eastern and Southern,AFE,CO2 emissions from solid fuel consumption (% of total),EN.ATM.CO2E.SF.ZS,99.12896043,89.5515719,84.06633248,86.92370149,86.71375458,85.25501045,85.17290728,83.59969618,83.14991434,84.28291519,79.29359506,79.37501754,75.27504699,72.31499479,73.52952936,70.59305164,72.24394749,,,,,,
Afghanistan,AFG,CO2 emissions from solid fuel consumption (% of total),EN.ATM.CO2E.SF.ZS,0.4762337662,8.601604938,5.000454545,6.790740741,8.112831858,6.484329268,8.316907216,31.69779661,24.558041,25.60788333,26.51913495,35.11466558,35.09090909,46.32226792,56.06143406,49.75003755,65.35100135,,,,,,
Africa Western and Central,AFW,CO2 emissions from solid fuel consumption (% of total),EN.ATM.CO2E.SF.ZS,0.1670150253,0.1652782476,0.4736617065,0.4161755876,0.4946739968,0.4180329597,0.4920617371,0.6976082576,0.6296531412,0.7610927206,0.6687267013,0.8099136421,0.7436312816,0.6783919875,0.9236731141,1.011624191,1.249078957,,,,,,
Angola,AGO,CO2 emissions from solid fuel consumption (% of total),EN.ATM.CO2E.SF.ZS,0,0,0,0,0,0,0,0,0,0,0,0,0,0,0,0,0,,,,,,
Albania,ALB,CO2 emissions from solid fuel consumption (% of total),EN.ATM.CO2E.SF.ZS,2.197886435,2.505403727,2.249093333,2.052092457,1.965990676,1.801965602,1.810864198,1.737914692,2.462254197,8.997731481,9.367663755,10.62265873,13.69120087,11.48329854,13.41756705,4.484299803,0.297525355,,,,,,
Andorra,AND,CO2 emissions from solid fuel consumption (% of total),EN.ATM.CO2E.SF.ZS,0,0,0,0,0,0,0,0,0,0,0,0,0,0,0,0,0,,,,,,
Arab World,ARB,CO2 emissions from solid fuel consumption (% of total),EN.ATM.CO2E.SF.ZS,1.703239218,1.866612703,1.924330873,1.807950403,1.76930462,1.732867869,1.747910233,1.674884843,1.551281166,1.300755199,1.421557735,1.07167777,1.217566749,1.28603144,1.519566366,1.450001074,1.408181347,,,,,,
United Arab Emirates,ARE,CO2 emissions from solid fuel consumption (% of total),EN.ATM.CO2E.SF.ZS,0,0.07238001247,0.3662515287,0.4073263788,0.4334515366,0.4730392157,0.8785583731,0.3898397752,0.882709347,0.6625703016,1.522473898,1.007587181,2.984015251,3.645089625,4.071119996,3.350644712,3.502273639,,,,,,
Argentina,ARG,CO2 emissions from solid fuel consumption (% of total),EN.ATM.CO2E.SF.ZS,1.25652642,1.03370225,0.9364944241,1.551247273,1.551075079,2.235486605,2.489981979,2.238790564,2.307276836,2.054302591,2.3750226,2.666570574,2.807813253,2.301839674,2.32155689,2.153813209,1.633713371,,,,,,
Armenia,ARM,CO2 emissions from solid fuel consumption (% of total),EN.ATM.CO2E.SF.ZS,0,0,1.527916667,2.095428571,0,0,0.08167037862,0.1410384615,0.1288927944,0,0.08449308756,0.1484615385,0.1282167832,0.06667272727,0,0.06867041199,0.07232741617,,,,,,
American Samoa,ASM,CO2 emissions from solid fuel consumption (% of total),EN.ATM.CO2E.SF.ZS,,,,,,,,,,,,,,,,,,,,,,,
Antigua and Barbuda,ATG,CO2 emissions from solid fuel consumption (% of total),EN.ATM.CO2E.SF.ZS,0,0,0,0,0,0,0,0,0,0,0,0,0,0,0,0,0,,,,,,
Australia,AUS,CO2 emissions from solid fuel consumption (% of total),EN.ATM.CO2E.SF.ZS,56.07162392,56.10629058,56.12466689,53.81996278,53.70543215,54.86556846,55.83018744,53.81603446,53.60804762,54.47994911,53.25788537,51.60339814,50.66328797,46.09782635,44.18978885,45.00333723,44.95217106,,,,,,
Austria,AUT,CO2 emissions from solid fuel consumption (% of total),EN.ATM.CO2E.SF.ZS,21.88194082,21.10779414,20.99128874,21.00423717,20.11528496,20.06172219,20.86379487,20.62044076,20.2610434,17.0371484,18.63901086,19.41194961,18.90664875,19.05724563,18.41485885,19.42377672,17.97344849,,,,,,
Azerbaijan,AZE,CO2 emissions from solid fuel consumption (% of total),EN.ATM.CO2E.SF.ZS,0,0,0,0,0,0,0,0.07997818975,0.04958755916,0.05834526651,0.09110559006,0.06419817927,0.04768530559,0.03504619306,0.02247624885,0.03419645633,0.01122780159,,,,,,
Burundi,BDI,CO2 emissions from solid fuel consumption (% of total),EN.ATM.CO2E.SF.ZS,2.820769231,5.238571429,5.000454545,4.314117647,4.58375,4.58375,7.72,5.79,7.334,7.334,5.7296875,2.973243243,7.522051282,5.366341463,3.761025641,1.788780488,3.188695652,,,,,,
Belgium,BEL,CO2 emissions from solid fuel consumption (% of total),EN.ATM.CO2E.SF.ZS,24.8010266,22.5213419,20.99634551,18.96680346,18.44113138,16.86800108,16.54115693,15.34256812,15.22629758,11.35382964,13.04304405,13.51383698,12.37651116,12.82937584,13.09236136,12.06026996,11.19305874,,,,,,
Benin,BEN,CO2 emissions from solid fuel consumption (% of total),EN.ATM.CO2E.SF.ZS,0,0,0,0,0,0,0,0,0,0,0,0,0,0,3.394137931,1.836560935,4.412572614,,,,,,
Burkina Faso,BFA,CO2 emissions from solid fuel consumption (% of total),EN.ATM.CO2E.SF.ZS,0,0,0,0,0,0,0,0,0,0,0,0,0,0,0,0,0,,,,,,
Bangladesh,BGD,CO2 emissions from solid fuel consumption (% of total),EN.ATM.CO2E.SF.ZS,5.792674365,5.163386346,4.852792563,4.777474677,4.756410088,4.910259859,5.045955432,5.820481706,5.944102934,6.744002235,6.082667062,5.215468578,5.906152785,6.192375371,5.5005,12.01532013,8.443946298,,,,,,
Bulgaria,BGR,CO2 emissions from solid fuel consumption (% of total),EN.ATM.CO2E.SF.ZS,58.08974844,61.90543958,59.86715792,59.48825016,59.85495337,55.8934127,55.15102103,57.78556442,59.20119728,57.7401024,59.55502341,64.51025971,60.7834508,58.2557559,59.22079091,57.97125755,53.52027791,,,,,,
Bahrain,BHR,CO2 emissions from solid fuel consumption (% of total),EN.ATM.CO2E.SF.ZS,0,0,0,0,0,0,0,0,0,0,0,0,0,0,0,0,0,,,,,,
"Bahamas, The",BHS,CO2 emissions from solid fuel consumption (% of total),EN.ATM.CO2E.SF.ZS,0.1713551402,0.1721596244,0.1608333333,0.3259555556,0.339537037,0.3630693069,0.3630693069,0.1771497585,0.1737914692,0.06091362126,0.1762980769,0.1515289256,0.1007417582,0.1179099678,0.1399618321,0.1547257384,0.1674429224,,,,,,
Bosnia and Herzegovina,BIH,CO2 emissions from solid fuel consumption (% of total),EN.ATM.CO2E.SF.ZS,69.65985663,68.78289971,71.85405907,72.82178331,71.29100193,73.06887246,72.0705751,67.22509794,70.26650289,74.46200583,76.22573896,77.92761163,78.54994536,78.25730435,74.71347871,68.85208567,72.35512981,,,,,,
Belarus,BLR,CO2 emissions from solid fuel consumption (% of total),EN.ATM.CO2E.SF.ZS,6.629526326,5.71949942,5.099942051,4.947484301,4.129237942,4.025389518,3.909554498,3.849231037,3.376779492,3.622124126,3.698617212,3.971797772,4.924905503,5.249934924,5.475527157,5.337826562,5.718686832,,,,,,
Belize,BLZ,CO2 emissions from solid fuel consumption (% of total),EN.ATM.CO2E.SF.ZS,0,0,0,0,0,0,0,0,0,0,0,0,0,0,0,0,0,,,,,,
Bolivia,BOL,CO2 emissions from solid fuel consumption (% of total),EN.ATM.CO2E.SF.ZS,0,0,0,0,0,0,0,0,0,0,0,0,0,0,0,0,0,,,,,,
Brazil,BRA,CO2 emissions from solid fuel consumption (% of total),EN.ATM.CO2E.SF.ZS,16.39108069,15.84833427,15.38896401,16.93209245,16.6729768,15.98009168,15.6504635,15.74477441,15.04892815,12.68288858,14.71944661,15.38290324,13.93307398,14.25684277,14.53616224,15.51543555,15.23359643,,,,,,
Barbados,BRB,CO2 emissions from solid fuel consumption (% of total),EN.ATM.CO2E.SF.ZS,0,0,0,0,0,0,0,0,0,0,0,0,0,0,0,0,0,,,,,,
Brunei Darussalam,BRN,CO2 emissions from solid fuel consumption (% of total),EN.ATM.CO2E.SF.ZS,0,0,0,0,0,0,0,0,0,0,0,0,0,0,0,0,0,,,,,,
Bhutan,BTN,CO2 emissions from solid fuel consumption (% of total),EN.ATM.CO2E.SF.ZS,47.57189189,40.74444444,42.1705,30.55833333,8.280322581,24.14853659,21.08525,20.68564103,28.41925,15.8572973,16.38446809,14.23014925,18.335,22.86482353,26.91734043,22.15479167,25.34105691,,,,,,
Botswana,BWA,CO2 emissions from solid fuel consumption (% of total),EN.ATM.CO2E.SF.ZS,50.95583127,51.83072351,51.86575682,46.02459184,49.97095718,50.03570093,51.19454768,44.81888889,44.52189066,38.55281174,59.08548961,35.75325,45.39074074,49.92660072,53.95067321,40.23019417,50.21523876,,,,,,
Central African Republic,CAF,CO2 emissions from solid fuel consumption (% of total),EN.ATM.CO2E.SF.ZS,0,0,0,0,0,0,0,0,0,0,0,0,0,0,0,0,0,,,,,,
Canada,CAN,CO2 emissions from solid fuel consumption (% of total),EN.ATM.CO2E.SF.ZS,23.72584602,23.90776364,22.16166841,21.06090912,20.5870738,20.61966562,21.36411943,20.0426637,20.43576045,16.94649693,16.25520793,14.17002392,13.80436433,12.42700063,13.34748055,12.6468189,11.96464667,,,,,,
Central Europe and the Baltics,CEB,CO2 emissions from solid fuel consumption (% of total),EN.ATM.CO2E.SF.ZS,57.92127424,57.50826169,57.30319414,56.68268602,55.19184633,54.81703449,56.09679205,55.53495538,54.95044368,54.01974134,55.12329242,56.10391928,54.09598282,55.93063242,54.52597223,53.36112214,52.11935155,,,,,,
Switzerland,CHE,CO2 emissions from solid fuel consumption (% of total),EN.ATM.CO2E.SF.ZS,1.174513841,1.20988264,1.144622447,1.136737288,1.077100265,1.207670665,1.209432718,1.490718879,1.313138345,1.25116327,1.216655607,1.246370478,1.096559925,1.096389144,1.375240373,1.287161158,1.120189346,,,,,,
Chile,CHL,CO2 emissions from solid fuel consumption (% of total),EN.ATM.CO2E.SF.ZS,28.61025492,19.36531439,19.28018074,18.53704869,18.80066143,18.41397344,21.9955723,20.10789311,24.53800586,20.56481872,23.7208405,27.28551066,29.933073,30.64381119,31.94163896,33.16270709,31.35846797,,,,,,
China,CHN,CO2 emissions from solid fuel consumption (% of total),EN.ATM.CO2E.SF.ZS,71.72026916,68.92587507,73.02532779,75.27241835,74.94252216,76.09419483,76.32865822,71.24770038,79.69641331,72.76236662,77.61191904,78.848612,78.36729125,75.47377043,75.10046715,73.98380452,70.8318049,,,,,,
Cote d'Ivoire,CIV,CO2 emissions from solid fuel consumption (% of total),EN.ATM.CO2E.SF.ZS,0,0,0,0,0,0,0,0,0,0,0,0,0,0,0,0,0,,,,,,
Cameroon,CMR,CO2 emissions from solid fuel consumption (% of total),EN.ATM.CO2E.SF.ZS,0,0,0,0,0,0,0,0,0,0,0,0,0,0,0,0,0,,,,,,
"Congo, Dem. Rep.",COD,CO2 emissions from solid fuel consumption (% of total),EN.ATM.CO2E.SF.ZS,0,0,0,0,0,0,0,0,0,0,0,0,0,0,0,0,0,,,,,,
"Congo, Rep.",COG,CO2 emissions from solid fuel consumption (% of total),EN.ATM.CO2E.SF.ZS,0,0,0,0,0,0,0,0,0,0,0,0,0,0,0,0,0,,,,,,
Colombia,COL,CO2 emissions from solid fuel consumption (% of total),EN.ATM.CO2E.SF.ZS,17.57917726,17.63992316,16.43424242,18.59028918,12.96038598,17.68594543,16.21306999,13.61727657,17.96218833,18.7601763,20.84656617,19.73287656,16.43341869,16.88073917,18.32121774,23.64565593,23.24709885,,,,,,
Comoros,COM,CO2 emissions from solid fuel consumption (% of total),EN.ATM.CO2E.SF.ZS,0,0,0,0,0,0,0,0,0,0,0,0,0,0,0,0,0,,,,,,
Cabo Verde,CPV,CO2 emissions from solid fuel consumption (% of total),EN.ATM.CO2E.SF.ZS,0,0,0,0,0,0,0,0,0,0,0,0,0,0,0,0,0,,,,,,
Costa Rica,CRI,CO2 emissions from solid fuel consumption (% of total),EN.ATM.CO2E.SF.ZS,0,2.16501845,3.653713768,6.575310345,5.185656566,2.046969697,2.23597561,3.90825,3.90106383,3.514208333,3.249240506,4.589919246,3.986939597,3.912095116,3.887113665,3.647546419,3.721460396,,,,,,
Caribbean small states,CSS,CO2 emissions from solid fuel consumption (% of total),EN.ATM.CO2E.SF.ZS,0.6770108584,0.4697111013,0.7548987254,0.6742522092,0.5171939683,0.436369139,0.1980055222,0.2382726076,0.3378538074,0.29104022,0.3039212725,0.5268074291,0.4607252186,0.5736135534,0.6751802286,0.6528455625,0.518660449,,,,,,
Cuba,CUB,CO2 emissions from solid fuel consumption (% of total),EN.ATM.CO2E.SF.ZS,0.2990815603,0.242758367,0.2683859784,0.3924256837,0.4111974369,0.2977842227,0.09760076046,0.2696323529,0.3484416572,0.3247527675,0.2544844679,0.03854590049,0.05084228769,0.1340767824,0.0136421131,0.08003637686,0.02577855888,,,,,,
Cyprus,CYP,CO2 emissions from solid fuel consumption (% of total),EN.ATM.CO2E.SF.ZS,1.815346535,2.063679654,1.959859353,1.793384813,1.997587549,1.770597205,1.801171285,1.602087379,1.265988095,0.6724327628,0.8909590793,0.4371258278,0,0,0.1629777778,0.2163421829,0,,,,,,
Czechia,CZE,CO2 emissions from solid fuel consumption (% of total),EN.ATM.CO2E.SF.ZS,70.20502314,68.63074967,67.89503248,66.76287692,61.15132453,65.8501525,67.74828109,66.86795114,64.54366326,62.44488351,63.79672343,63.97259596,62.55148549,64.27959696,62.09085714,62.56923153,62.13864476,,,,,,
Germany,DEU,CO2 emissions from solid fuel consumption (% of total),EN.ATM.CO2E.SF.ZS,39.52159081,39.51057286,39.14127932,39.25493802,40.23590207,39.38903911,40.47230102,42.68105347,39.47244164,38.05262462,39.65039823,40.41079397,40.73543801,40.66082096,41.81580306,41.55762081,39.96178465,,,,,,
Djibouti,DJI,CO2 emissions from solid fuel consumption (% of total),EN.ATM.CO2E.SF.ZS,0,0,0,0,0,0,0,0,0,0,0,0,0,0,0,0,0,,,,,,
Dominica,DMA,CO2 emissions from solid fuel consumption (% of total),EN.ATM.CO2E.SF.ZS,0,0,0,0,0,0,0,0,0,0,0,0,0,0,0,0,0,,,,,,
Denmark,DNK,CO2 emissions from solid fuel consumption (% of total),EN.ATM.CO2E.SF.ZS,28.850406,29.66286351,29.86315672,36.23742501,30.49822602,28.24472648,36.0274403,32.86565918,30.31932961,31.70817916,29.98750519,28.47477837,24.50104946,28.60773637,25.54389541,19.49185119,20.31464104,,,,,,
Dominican Republic,DOM,CO2 emissions from solid fuel consumption (% of total),EN.ATM.CO2E.SF.ZS,1.316661308,2.841586716,2.969444178,14.98533654,11.96823768,6.779823151,9.20359252,9.390228377,10.28331061,10.51717269,8.972068798,12.05348347,9.184445471,11.49280941,14.9982364,12.33800853,11.75358953,,,,,,
Algeria,DZA,CO2 emissions from solid fuel consumption (% of total),EN.ATM.CO2E.SF.ZS,2.505635577,2.805301592,3.24698918,3.328467319,2.267846625,2.657843578,2.882750933,2.99868086,2.895092797,1.414511838,1.07605091,0.8877281192,0.8194575174,0.5588992379,0.3936193358,0.3441659245,0,,,,,,
East Asia & Pacific (excluding high income),EAP,CO2 emissions from solid fuel consumption (% of total),EN.ATM.CO2E.SF.ZS,62.5937932,60.81016615,64.33873432,66.82846999,67.49028207,69.13749758,70.07984629,65.94020861,74.03490808,68.29683337,72.05739477,73.87927781,73.52748127,70.21484564,69.12144547,68.86287021,66.53673228,,,,,,
Early-demographic dividend,EAR,CO2 emissions from solid fuel consumption (% of total),EN.ATM.CO2E.SF.ZS,31.43398676,31.15230905,30.62157612,31.34835491,31.81753495,32.13790976,32.71349161,33.18751855,34.49234672,34.69539575,32.72032856,34.48961357,35.34003132,32.61079374,33.52545725,34.50668131,35.79149648,,,,,,
East Asia & Pacific,EAS,CO2 emissions from solid fuel consumption (% of total),EN.ATM.CO2E.SF.ZS,53.48773905,52.84940389,55.78966407,58.40999575,60.12789959,61.7668738,63.29483369,60.34453577,67.36311789,62.98099989,66.5335219,67.90461915,67.53043719,65.13116233,64.45783725,64.30586868,62.28440582,,,,,,
Europe & Central Asia (excluding high income),ECA,CO2 emissions from solid fuel consumption (% of total),EN.ATM.CO2E.SF.ZS,33.73920382,32.81123762,32.70497516,32.67886379,32.15807497,31.99117294,33.1122036,32.36465555,32.71281703,31.05087536,31.27775956,31.04734232,33.61578121,32.22824578,31.70282282,33.15691657,33.10086815,,,,,,
Europe & Central Asia,ECS,CO2 emissions from solid fuel consumption (% of total),EN.ATM.CO2E.SF.ZS,31.98615203,31.38460961,31.26746689,31.30031659,30.87119505,30.45610739,31.56246742,31.42602978,30.73055707,29.22027513,29.75314281,30.46785977,32.20710516,31.63858073,31.16775005,33.51533801,32.16265118,,,,,,
Ecuador,ECU,CO2 emissions from solid fuel consumption (% of total),EN.ATM.CO2E.SF.ZS,0,0,0,0,0,0,0,0,0,0,0,0,0,0,0,0,0,,,,,,
"Egypt, Arab Rep.",EGY,CO2 emissions from solid fuel consumption (% of total),EN.ATM.CO2E.SF.ZS,2.787777778,2.200023998,2.31663457,2.335882353,2.238388815,1.911251635,1.732355584,1.601784558,1.510465842,1.376836667,2.101293639,0.8439502009,0.8493780895,0.8085767239,0.690577429,0.5956136313,0.5783565567,,,,,,
Euro area,EMU,CO2 emissions from solid fuel consumption (% of total),EN.ATM.CO2E.SF.ZS,26.34838318,25.75783216,25.97681584,25.85855044,25.9436408,24.97753262,25.40436962,26.08866433,24.36942771,23.1054244,23.92888042,25.27307588,26.53879508,26.25776985,26.64973007,32.01950397,30.09753138,,,,,,
Eritrea,ERI,CO2 emissions from solid fuel consumption (% of total),EN.ATM.CO2E.SF.ZS,0,0,0,0,0,0,0,0,0,0,0,0,0,0,0,0,0,,,,,,
Spain,ESP,CO2 emissions from solid fuel consumption (% of total),EN.ATM.CO2E.SF.ZS,27.16588013,24.75930934,26.3449474,23.93803239,23.76184527,22.2834331,20.49691849,21.297094,16.59403474,13.96059515,11.35729954,17.26857653,21.6476518,17.14941722,18.03672145,19.60273919,15.7587629,,,,,,
Estonia,EST,CO2 emissions from solid fuel consumption (% of total),EN.ATM.CO2E.SF.ZS,76.97730769,75.16270765,75.36351279,78.32956031,77.89124113,73.57561332,75.46312146,71.36332997,71.57566976,77.65411765,79.03084216,85.50915789,85.92755662,87.57613861,90.54320988,96.17226415,92.0381853,,,,,,
Ethiopia,ETH,CO2 emissions from solid fuel consumption (% of total),EN.ATM.CO2E.SF.ZS,0,0,0,0,0,0,0,0,0.5862936047,1.587445887,2.040370943,5.981976127,7.021914894,7.526624514,8.713957826,8.484208075,7.84909699,,,,,,
European Union,EUU,CO2 emissions from solid fuel consumption (% of total),EN.ATM.CO2E.SF.ZS,32.564192,32.06710712,32.07371261,31.97480665,31.65872213,30.84890122,31.71564922,32.22752273,30.71261843,29.46417382,30.34959112,31.77659781,32.14547341,32.24277046,32.29749206,37.39751572,35.7894239,,,,,,
Fragile and conflict affected situations,FCS,CO2 emissions from solid fuel consumption (% of total),EN.ATM.CO2E.SF.ZS,2.42706542,2.22110756,2.141775613,1.846104584,1.651474603,1.739279941,1.787708833,1.876353197,1.523551979,1.266206477,1.71803547,2.14550683,1.615178846,1.991939937,2.24024417,2.277661444,2.180014913,,,,,,
Finland,FIN,CO2 emissions from solid fuel consumption (% of total),EN.ATM.CO2E.SF.ZS,35.86472414,38.80092978,40.90115385,43.81888579,43.02006501,34.70624414,42.4424336,42.94501997,37.39485704,37.34004983,43.32607708,42.07869194,36.44735276,40.02356246,37.29758449,37.12387903,38.61140013,,,,,,
Fiji,FJI,CO2 emissions from solid fuel consumption (% of total),EN.ATM.CO2E.SF.ZS,5.176941176,3.734907407,4.783043478,4.074444444,0,0,0,0,0,0,0,0,0,0,0,0,0,,,,,,
France,FRA,CO2 emissions from solid fuel consumption (% of total),EN.ATM.CO2E.SF.ZS,14.89239792,12.51038025,13.59132446,14.14486573,13.51536182,13.87089307,13.18777933,13.99160921,13.51797409,12.2663432,12.99690866,11.59151531,12.69652276,13.81592876,11.34189505,,,,,,,,
"Micronesia, Fed. Sts.",FSM,CO2 emissions from solid fuel consumption (% of total),EN.ATM.CO2E.SF.ZS,0,0,0,0,0,0,0,0,0,0,0,0,0,0,0,0,0,,,,,,
Gabon,GAB,CO2 emissions from solid fuel consumption (% of total),EN.ATM.CO2E.SF.ZS,0,0,0,0,0,0,0,0,0,0,0,0,0,0,0,0,0,,,,,,
United Kingdom,GBR,CO2 emissions from solid fuel consumption (% of total),EN.ATM.CO2E.SF.ZS,25.91497925,26.88895368,25.40958584,26.72862013,25.93784481,26.5209704,28.76852356,27.76999225,26.41913785,24.05640931,24.13511488,25.8246177,31.18143337,31.16780029,27.60260552,22.5879946,11.88007733,,,,,,
Georgia,GEO,CO2 emissions from solid fuel consumption (% of total),EN.ATM.CO2E.SF.ZS,1.230020964,1.562642045,1.858277027,3.597373418,5.11421365,4.237806604,3.823042553,6.773854352,9.394793388,9.069626335,15.02642857,16.5352454,16.42244784,15.38830357,13.42113341,11.75831522,10.488,,,,,,
Ghana,GHA,CO2 emissions from solid fuel consumption (% of total),EN.ATM.CO2E.SF.ZS,0,0,0,0,0,0,0,0,0,0,0,0,0,0,0,0,0,,,,,,
Guinea,GIN,CO2 emissions from solid fuel consumption (% of total),EN.ATM.CO2E.SF.ZS,0,0,0,0,0,0,0,0,0,0,0,0,0,0,0,0,0,,,,,,
"Gambia, The",GMB,CO2 emissions from solid fuel consumption (% of total),EN.ATM.CO2E.SF.ZS,0,0,0,0,0,0,0,0,0,0,0,0,0,0,0,0,0,,,,,,
Guinea-Bissau,GNB,CO2 emissions from solid fuel consumption (% of total),EN.ATM.CO2E.SF.ZS,0,0,0,0,0,0,0,0,0,0,0,0,0,0,0,0,0,,,,,,
Equatorial Guinea,GNQ,CO2 emissions from solid fuel consumption (% of total),EN.ATM.CO2E.SF.ZS,0,0,0,0,0,0,0,0,0,0,0,0,0,0,0,0,0,,,,,,
Greece,GRC,CO2 emissions from solid fuel consumption (% of total),EN.ATM.CO2E.SF.ZS,37.67545522,37.93016354,36.6472236,35.05274396,35.93917076,34.62338597,33.06126415,33.44630237,32.66372672,35.14498628,35.40970427,36.82613483,40.10852791,38.03095889,37.97757153,32.53983973,25.78693642,,,,,,
Grenada,GRD,CO2 emissions from solid fuel consumption (% of total),EN.ATM.CO2E.SF.ZS,0,0,0,0,0,0,0,0,0,0,0,0,0,0,0,0,0,,,,,,
Guatemala,GTM,CO2 emissions from solid fuel consumption (% of total),EN.ATM.CO2E.SF.ZS,6.072738854,5.420132518,9.876733524,9.28926945,10.5063814,13.56026042,14.68711555,9.573795326,10.53773132,6.498481013,11.24119651,10.99475298,12.46478189,17.53169869,17.71726165,21.65639535,23.81659794,,,,,,
Guyana,GUY,CO2 emissions from solid fuel consumption (% of total),EN.ATM.CO2E.SF.ZS,0,0,0,0,0,0,0,0,0,0,0,0,0,0,0,0,0,,,,,,
High income,HIC,CO2 emissions from solid fuel consumption (% of total),EN.ATM.CO2E.SF.ZS,32.42233434,32.187529,32.66534775,32.40031961,32.69939745,32.37342293,32.8615948,32.74656061,32.63978431,31.05584401,31.4214043,31.28094044,30.31731753,30.24165572,30.02800685,29.2699755,27.58466293,,,,,,
Honduras,HND,CO2 emissions from solid fuel consumption (% of total),EN.ATM.CO2E.SF.ZS,7.130277778,5.578854701,6.101696574,6.608183161,6.07151117,6.937567568,4.10996264,3.790511034,5.171953757,5.399263804,6.78908648,7.55953303,7.743227571,7.38111349,6.008298097,3.046545086,4.642265957,,,,,,
Heavily indebted poor countries (HIPC),HPC,CO2 emissions from solid fuel consumption (% of total),EN.ATM.CO2E.SF.ZS,1.574726926,1.50644974,1.891918823,1.879487398,1.900510553,1.756930506,1.398562614,2.016328949,2.240742886,2.573242688,2.943660619,4.399857395,4.151373512,4.354211264,5.129087554,4.667088501,5.082661227,,,,,,
Croatia,HRV,CO2 emissions from solid fuel consumption (% of total),EN.ATM.CO2E.SF.ZS,8.918631579,9.568578125,10.92143984,11.4031652,12.10752724,12.24610619,10.97386216,11.43834862,12.12775069,9.690841535,13.26602261,14.05940126,13.73549828,15.04244718,15.03604651,13.78422662,14.59007084,,,,,,
Haiti,HTI,CO2 emissions from solid fuel consumption (% of total),EN.ATM.CO2E.SF.ZS,0,0,0,0,0,0,0,0,0,0,0,0,0,0,0,0,0,,,,,,
Hungary,HUN,CO2 emissions from solid fuel consumption (% of total),EN.ATM.CO2E.SF.ZS,27.72233205,24.95904796,25.47717958,25.21495449,23.68365668,21.44107219,21.97158493,23.03279057,22.89541203,21.08678303,22.65452381,23.51382648,24.49451301,22.91425172,21.66084174,21.42887275,19.94261016,,,,,,
IBRD only,IBD,CO2 emissions from solid fuel consumption (% of total),EN.ATM.CO2E.SF.ZS,46.89254379,45.94283928,47.66189024,49.83498199,50.79947542,52.30086639,53.46133628,51.50594362,55.92666272,53.28514163,55.45025363,57.24018188,57.47611298,55.30851269,55.05152581,55.03797321,53.84027718,,,,,,
IDA & IBRD total,IBT,CO2 emissions from solid fuel consumption (% of total),EN.ATM.CO2E.SF.ZS,44.86688535,43.94464511,45.66569842,47.84634163,48.85248077,50.35589731,51.52550362,49.73971275,53.9580126,51.47401759,53.59444366,55.39892038,55.67066174,53.60047088,53.36324582,53.35100511,52.13294626,,,,,,
IDA total,IDA,CO2 emissions from solid fuel consumption (% of total),EN.ATM.CO2E.SF.ZS,5.881030121,5.557117848,5.94454958,5.984453095,6.389602254,6.292499141,6.311237092,7.198780024,6.338434638,6.135270179,6.312811065,6.684248091,6.285669845,6.658306216,7.960878437,9.213218615,10.31978075,,,,,,
IDA blend,IDB,CO2 emissions from solid fuel consumption (% of total),EN.ATM.CO2E.SF.ZS,6.624057416,6.317186151,6.944465733,7.145991854,7.809517031,7.889152608,8.124147582,9.448199038,7.742063892,7.358290446,7.254262498,7.230973366,6.225985867,6.651262757,8.045775529,8.06701028,8.661049302,,,,,,
Indonesia,IDN,CO2 emissions from solid fuel consumption (% of total),EN.ATM.CO2E.SF.ZS,14.99678267,19.5031478,20.66895935,19.60719325,22.65213486,25.73820877,30.61506894,33.89161877,45.93423538,43.99581992,31.04206001,38.4513716,39.48306174,17.47700982,8.466164269,31.26856369,43.20419128,,,,,,
IDA only,IDX,CO2 emissions from solid fuel consumption (% of total),EN.ATM.CO2E.SF.ZS,4.304429468,3.98806553,3.994155019,3.821943658,3.759490699,3.592045952,3.351779544,3.742834184,4.231599915,4.413888526,5.002070462,5.926809424,6.362821877,6.667799643,7.848833511,10.66760157,12.40227709,,,,,,
India,IND,CO2 emissions from solid fuel consumption (% of total),EN.ATM.CO2E.SF.ZS,67.40287437,67.50127857,67.05151813,68.15149947,68.1669595,70.14530666,70.47132938,69.74984754,70.75717399,69.39112449,65.66539581,68.76645462,71.44345143,67.42655442,69.62558523,69.20933398,69.46453016,,,,,,
Not classified,INX,CO2 emissions from solid fuel consumption (% of total),EN.ATM.CO2E.SF.ZS,,,,,,,,,,,,,,,,,,,,,,,
Ireland,IRL,CO2 emissions from solid fuel consumption (% of total),EN.ATM.CO2E.SF.ZS,23.72967152,23.60564908,23.46413715,23.28569878,21.08157156,22.67770628,19.8421439,19.69979158,19.78676807,20.19442467,19.86479695,20.7655473,24.26545822,21.88702128,21.62034318,22.77128683,20.82166365,,,,,,
"Iran, Islamic Rep.",IRN,CO2 emissions from solid fuel consumption (% of total),EN.ATM.CO2E.SF.ZS,1.564730154,1.180510527,1.266025982,1.329085697,1.190851064,1.349930629,1.220166473,1.256781036,1.097854856,0.7973329344,0.989821743,0.946566856,0.723614827,0.6956704024,0.5884782288,0.7148527971,0.5702446513,,,,,,
Iraq,IRQ,CO2 emissions from solid fuel consumption (% of total),EN.ATM.CO2E.SF.ZS,0,0,0,0,0,0,0,0,0,0,0,0,0,0,0,0,0,,,,,,
Iceland,ISL,CO2 emissions from solid fuel consumption (% of total),EN.ATM.CO2E.SF.ZS,16.60838565,16.29777778,16.37053571,15.45730942,16.75439655,16.49349345,14.47914163,16.94831933,16.31646789,15.29364929,17.39954082,18.23798942,18.92645161,18.2446798,16.09902439,17.08893204,18.06927536,,,,,,
Israel,ISR,CO2 emissions from solid fuel consumption (% of total),EN.ATM.CO2E.SF.ZS,49.51736667,52.81872131,47.93876064,47.30540785,47.60829639,45.65862928,46.54861185,45.5525214,44.38884258,41.25096013,39.84241526,41.57018763,42.86523403,39.90462239,38.44938186,37.96182189,31.94998774,,,,,,
Italy,ITA,CO2 emissions from solid fuel consumption (% of total),EN.ATM.CO2E.SF.ZS,10.9144309,11.63928328,11.69798385,12.16726785,13.32480726,13.19742334,13.54585792,13.86430459,13.88990179,12.15191306,13.26026723,15.19065542,16.37034453,14.82570905,15.15217075,,,,,,,,
Jamaica,JAM,CO2 emissions from solid fuel consumption (% of total),EN.ATM.CO2E.SF.ZS,1.895467197,1.382400794,2.289639024,2.14687441,1.665241249,1.458465909,0.6081260365,0.7931946755,1.334147609,1.721814721,1.519745989,2.7985,2.733488045,3.096147757,3.716554054,3.571426612,2.507754839,,,,,,
Jordan,JOR,CO2 emissions from solid fuel consumption (% of total),EN.ATM.CO2E.SF.ZS,0,0,0,0,0,0,0,0,0,0,0,0,0,3.497516807,5.144404064,2.689518927,3.436890587,,,,,,
Japan,JPN,CO2 emissions from solid fuel consumption (% of total),EN.ATM.CO2E.SF.ZS,31.04620238,31.99062958,32.41775413,33.13112693,36.33511969,34.56886598,35.73434905,36.19127703,37.41059726,35.16651701,37.96002223,33.80396982,33.95303126,36.70344476,36.67090185,37.87329742,37.03125611,,,,,,
Kazakhstan,KAZ,CO2 emissions from solid fuel consumption (% of total),EN.ATM.CO2E.SF.ZS,65.30764562,72.24517744,68.14110818,65.90645561,70.37896219,66.05023511,64.00208146,64.91468405,56.92614068,59.62870238,58.69299459,59.34214088,59.59007868,55.56147304,68.5675218,62.94803717,60.14162811,,,,,,
Kenya,KEN,CO2 emissions from solid fuel consumption (% of total),EN.ATM.CO2E.SF.ZS,2.138712029,2.312956636,3.558274933,3.762465544,3.84960969,4.005966387,4.771043011,4.265773746,4.144339051,3.131511529,4.960893987,7.795541059,7.497246496,7.125943262,8.295276114,7.745974254,6.954992009,,,,,,
Kyrgyz Republic,KGZ,CO2 emissions from solid fuel consumption (% of total),EN.ATM.CO2E.SF.ZS,39.96794433,30.94319899,39.99022133,43.09872987,42.53983813,43.79643396,41.83964286,35.64981453,42.52938748,40.73841716,42.27155906,37.63246719,39.9506163,38.15556503,46.41341916,42.27583252,35.91391753,,,,,,
Cambodia,KHM,CO2 emissions from solid fuel consumption (% of total),EN.ATM.CO2E.SF.ZS,0,0,0,0,0,0,0,0,0,0.6202114165,1.043455285,1.130481696,1.150166052,3.680143369,14.43570136,27.01100233,27.11357576,,,,,,
Kiribati,KIR,CO2 emissions from solid fuel consumption (% of total),EN.ATM.CO2E.SF.ZS,0,0,0,0,0,0,0,0,0,0,0,0,0,0,0,0,0,,,,,,
St. Kitts and Nevis,KNA,CO2 emissions from solid fuel consumption (% of total),EN.ATM.CO2E.SF.ZS,0,0,0,0,0,0,0,0,0,0,0,0,0,0,0,0,0,,,,,,
"Korea, Rep.",KOR,CO2 emissions from solid fuel consumption (% of total),EN.ATM.CO2E.SF.ZS,35.1635759,36.24213657,38.54263562,39.61079809,39.67907259,38.97524204,40.97680844,42.58692203,46.57866716,46.77293782,48.69857225,51.04723819,48.83435538,49.53616073,52.66525375,50.82686551,50.41573262,,,,,,
Kuwait,KWT,CO2 emissions from solid fuel consumption (% of total),EN.ATM.CO2E.SF.ZS,0,0,0,0,0,0,0,0,0,0,0,0,0,0,0,0,0,,,,,,
Latin America & Caribbean (excluding high income),LAC,CO2 emissions from solid fuel consumption (% of total),EN.ATM.CO2E.SF.ZS,8.97444434,9.287672073,9.556336271,10.85712481,9.913814546,10.57140406,10.45115242,9.841390971,9.418540091,8.70449838,10.31013449,10.8317101,9.778633705,10.15799421,10.42838404,10.45082096,10.39533037,,,,,,
Lao PDR,LAO,CO2 emissions from solid fuel consumption (% of total),EN.ATM.CO2E.SF.ZS,4.481888889,5.1338,7.267927928,8.928347826,10.00090909,10.7681746,11.40347561,12.29398844,14.48912195,13.85952756,22.15479167,24.728125,23.99810398,29.07340153,26.96323529,59.53581986,90.14708333,,,,,,
Lebanon,LBN,CO2 emissions from solid fuel consumption (% of total),EN.ATM.CO2E.SF.ZS,3.205992342,2.974416815,2.983248219,2.885577254,2.809725951,2.90728588,3.095372766,3.338066445,2.692277599,2.291875,2.704588123,2.960609065,2.670600511,2.161699656,2.514262229,2.345253235,2.320719166,,,,,,
Liberia,LBR,CO2 emissions from solid fuel consumption (% of total),EN.ATM.CO2E.SF.ZS,0,0,0,0,0,0,0,0,0,0,0,0,0,0,0,0,0,,,,,,
Libya,LBY,CO2 emissions from solid fuel consumption (% of total),EN.ATM.CO2E.SF.ZS,0,0,0,0,0,0,0.007427587604,0,0,0,0,0,0,0,0,0,0,,,,,,
St. Lucia,LCA,CO2 emissions from solid fuel consumption (% of total),EN.ATM.CO2E.SF.ZS,0,0,0,0,0,0,0,0,0,0,0,0,0,0,0,0,0,,,,,,
Latin America & Caribbean,LCN,CO2 emissions from solid fuel consumption (% of total),EN.ATM.CO2E.SF.ZS,8.692535205,8.497167272,8.677171572,9.762308406,9.008690839,9.563636911,9.59911342,9.144378887,8.94511142,8.112528249,9.604122063,10.32670329,9.4938562,9.916966695,10.13449249,10.36973452,10.37115323,,,,,,
Least developed countries: UN classification,LDC,CO2 emissions from solid fuel consumption (% of total),EN.ATM.CO2E.SF.ZS,4.534170657,4.645300167,4.043809258,3.357751704,3.338671295,3.419318536,3.336265437,3.932112591,4.070583302,4.43000843,5.211956733,6.248931351,6.106915693,6.14413024,6.952232661,10.39313621,12.70605178,,,,,,
Low income,LIC,CO2 emissions from solid fuel consumption (% of total),EN.ATM.CO2E.SF.ZS,40.79006557,40.56297243,39.10165404,38.33310419,37.91345075,36.26624131,35.46565397,30.14245066,31.58231455,25.80901916,24.43815069,19.97818614,21.49408451,17.58677996,19.91964326,17.42394462,18.32502898,,,,,,
Liechtenstein,LIE,CO2 emissions from solid fuel consumption (% of total),EN.ATM.CO2E.SF.ZS,,,,,,,,0,0,0,0,0,0,0,0,0,0,,,,,,
Sri Lanka,LKA,CO2 emissions from solid fuel consumption (% of total),EN.ATM.CO2E.SF.ZS,0.03354986276,0.03379723502,0.03222319859,1.861571313,1.795034965,1.65251073,1.832022562,1.187255335,1.717564403,1.82007323,1.739510329,7.348268482,11.41715983,13.95384669,22.06450568,25.64738703,25.21585043,,,,,,
Lower middle income,LMC,CO2 emissions from solid fuel consumption (% of total),EN.ATM.CO2E.SF.ZS,33.58751434,33.56480576,33.62436418,33.84862895,34.08703505,35.31662835,36.40069291,36.84458137,38.77491941,38.65565121,36.36314267,38.98857671,41.40388493,37.70803754,37.95638661,39.89476967,40.88418909,,,,,,
Low & middle income,LMY,CO2 emissions from solid fuel consumption (% of total),EN.ATM.CO2E.SF.ZS,45.12921726,44.2289478,46.04078092,48.32064547,49.4006982,50.99248582,52.12874946,50.22912205,54.64091672,52.06612096,54.20610956,55.98083658,56.35772159,54.12011787,53.90541704,53.86061937,52.60004316,,,,,,
Lesotho,LSO,CO2 emissions from solid fuel consumption (% of total),EN.ATM.CO2E.SF.ZS,84.02668571,84.32028249,84.13727778,84.82456044,84.12529412,84.148,84.799375,84.37841837,83.73895522,81.54709524,81.14935185,80.47488688,79.13,80.06550218,80.48350649,76.62878924,75.2785022,,,,,,
Late-demographic dividend,LTE,CO2 emissions from solid fuel consumption (% of total),EN.ATM.CO2E.SF.ZS,51.64955272,50.36879378,52.96178062,55.44564041,56.43570839,57.99839318,59.02124335,56.03092518,61.46818972,57.64214398,61.36979605,62.80765107,62.83858014,61.00489249,60.6906816,60.08730386,57.8478485,,,,,,
Lithuania,LTU,CO2 emissions from solid fuel consumption (% of total),EN.ATM.CO2E.SF.ZS,3.593729781,3.058573991,4.967771836,6.36745325,5.849958018,5.973522993,8.026843318,7.439485238,6.373728943,5.583627032,6.373595238,7.742820946,7.530720872,9.062312445,8.002569061,6.260731707,6.286285714,,,,,,
Luxembourg,LUX,CO2 emissions from solid fuel consumption (% of total),EN.ATM.CO2E.SF.ZS,5.556060606,5.697089716,3.167632114,2.358888889,2.982577055,2.794782245,3.373390119,2.92964991,2.856539855,2.769531549,2.586130199,2.012991766,1.920972872,1.770275862,2.09,2.04837897,2.276354402,,,,,,
Latvia,LVA,CO2 emissions from solid fuel consumption (% of total),EN.ATM.CO2E.SF.ZS,7.196421356,6.377391304,5.138789116,4.348221344,3.368635171,4.0375,3.935317073,4.771828839,4.973736128,4.434279891,4.820469484,5.291620253,4.601915456,4.036161074,3.122994505,2.404590164,2.154041958,,,,,,
"Macao SAR, China",MAC,CO2 emissions from solid fuel consumption (% of total),EN.ATM.CO2E.SF.ZS,,,,,,,,,,,,,,,,,,,,,,,
St. Martin (French part),MAF,CO2 emissions from solid fuel consumption (% of total),EN.ATM.CO2E.SF.ZS,,,,,,,,,,,,,,,,,,,,,,,
Morocco,MAR,CO2 emissions from solid fuel consumption (% of total),EN.ATM.CO2E.SF.ZS,30.14893061,34.62394908,34.27452051,32.04426328,32.48734171,31.68340751,31.85105867,31.61471821,28.16384615,26.07676692,24.66306933,19.85472054,19.06961929,18.78938379,25.03824722,26.69390182,25.7585241,,,,,,
Monaco,MCO,CO2 emissions from solid fuel consumption (% of total),EN.ATM.CO2E.SF.ZS,,,,,,,,,,,,,,,,,,,,,,,
Moldova,MDA,CO2 emissions from solid fuel consumption (% of total),EN.ATM.CO2E.SF.ZS,5.464977645,3.708789174,3.881504178,4.341879022,4.10062982,3.496650367,4.31952381,2.072260442,4.004453988,4.559751309,3.932084337,3.996371257,5.090552826,7.711935933,4.565914397,4.618042394,3.333636364,,,,,,
Madagascar,MDG,CO2 emissions from solid fuel consumption (% of total),EN.ATM.CO2E.SF.ZS,1.55569697,1.537065868,2.291875,1.656064516,1.55569697,2.573333333,2.459573171,1.492383721,1.854101124,2.169822485,5.686791444,18.58616438,25.42810219,38.54730375,33.42380328,31.69966867,32.68413043,,,,,,
Maldives,MDV,CO2 emissions from solid fuel consumption (% of total),EN.ATM.CO2E.SF.ZS,0,0,0,0,0,0,0,0,0,0,0,0,0,0,0,0,0,,,,,,
Middle East & North Africa,MEA,CO2 emissions from solid fuel consumption (% of total),EN.ATM.CO2E.SF.ZS,3.730318477,3.821624321,3.714481697,3.607555535,3.460169112,3.232764265,3.235691872,3.141125538,2.889932027,2.465036279,2.596637327,2.350468039,2.487616737,2.254165737,2.287090381,2.268088333,2.017769601,,,,,,
Mexico,MEX,CO2 emissions from solid fuel consumption (% of total),EN.ATM.CO2E.SF.ZS,6.950017946,8.011143798,8.934032258,10.4405887,9.153555856,10.83418326,11.19156234,9.921462987,8.549753252,8.84587513,10.89605877,11.66141987,10.24785796,10.64527306,10.68768241,9.342279777,9.94470506,,,,,,
Marshall Islands,MHL,CO2 emissions from solid fuel consumption (% of total),EN.ATM.CO2E.SF.ZS,0,0,0,0,0,0,0,0,0,0,0,0,0,0,0,0,0,,,,,,
Middle income,MIC,CO2 emissions from solid fuel consumption (% of total),EN.ATM.CO2E.SF.ZS,45.19876959,44.28798027,46.14731013,48.46876885,49.56313721,51.20681248,52.3653053,50.49021375,54.95224244,52.38757862,54.54716029,56.33633388,56.68155736,54.41362938,54.1829428,54.13213194,52.87202764,,,,,,
North Macedonia,MKD,CO2 emissions from solid fuel consumption (% of total),EN.ATM.CO2E.SF.ZS,100.0733447,102.5454727,93.69772242,89.50505972,90.64725336,85.56333333,79.56255069,58.3879103,62.00981211,58.93392857,59.89853379,60.40659751,60.56775465,55.36101942,55.52347044,50.15161765,46.24687415,,,,,,
Mali,MLI,CO2 emissions from solid fuel consumption (% of total),EN.ATM.CO2E.SF.ZS,0,0,0,0,0,0,0,0,0,0,0,0,0,0,0,0,0,,,,,,
Malta,MLT,CO2 emissions from solid fuel consumption (% of total),EN.ATM.CO2E.SF.ZS,0,0,0,0,0,0,0,0,0,0,0,0,0,0,0,0,0,,,,,,
Myanmar,MMR,CO2 emissions from solid fuel consumption (% of total),EN.ATM.CO2E.SF.ZS,14.17142708,18.39963572,14.65930012,5.532548298,6.9432255,5.295306859,9.338099902,7.808060837,8.082926526,7.978007864,14.88057971,19.40347319,14.46272265,8.418719647,6.800305164,4.880331405,5.528140704,,,,,,
Middle East & North Africa (excluding high income),MNA,CO2 emissions from solid fuel consumption (% of total),EN.ATM.CO2E.SF.ZS,2.612181689,2.636164764,2.743432529,2.642643949,2.521427267,2.530749527,2.465842501,2.466514506,2.23940053,1.831268232,2.003726081,1.642501994,1.47870963,1.451809658,1.679694345,1.775871236,1.621522111,,,,,,
Montenegro,MNE,CO2 emissions from solid fuel consumption (% of total),EN.ATM.CO2E.SF.ZS,,,,,,82.82676617,57.69637615,48.71871429,56.16371747,46.72805714,62.96437984,65.97712598,64.68399142,64.13211454,63.92472973,63.39559322,56.13464455,,,,,,
Mongolia,MNG,CO2 emissions from solid fuel consumption (% of total),EN.ATM.CO2E.SF.ZS,68.2062,70.88715719,70.62794792,68.61346939,71.11525105,61.63610307,59.404219,73.5653149,72.06771781,78.09849707,78.18320755,115.8147235,183.3286056,216.6482753,143.6848786,113.9313584,121.634612,,,,,,
Northern Mariana Islands,MNP,CO2 emissions from solid fuel consumption (% of total),EN.ATM.CO2E.SF.ZS,,,,,,,,,,,,,,,,,,,,,,,
Mozambique,MOZ,CO2 emissions from solid fuel consumption (% of total),EN.ATM.CO2E.SF.ZS,0,0,0,0,0,0,0,1.151076233,1.1459375,1.022669323,0.9437132353,3.8961875,1.313908795,1.05982659,18.45805369,7.607074468,0.8866666667,,,,,,
Mauritania,MRT,CO2 emissions from solid fuel consumption (% of total),EN.ATM.CO2E.SF.ZS,0,0,0,0,0,0,0,0,0,0,0,0,0,0,0,0,0,,,,,,
Mauritius,MUS,CO2 emissions from solid fuel consumption (% of total),EN.ATM.CO2E.SF.ZS,24.44666667,26.82474708,28.24011494,27.33581818,24.09364621,28.74135135,34.44757576,38.93491176,44.49011527,41.28055556,42.98204918,41.40486264,42.56865952,43.77361257,44.004,42.59646465,42.47910891,,,,,,
Malawi,MWI,CO2 emissions from solid fuel consumption (% of total),EN.ATM.CO2E.SF.ZS,19.16840909,13.75125,20.89337209,19.16840909,17.73054945,17.32758242,16.95494624,16.08989796,13.66790909,12.44160714,16.21942308,21.55166667,19.31723214,18.18347107,18.335,18.94616667,15.90830882,,,,,,
Malaysia,MYS,CO2 emissions from solid fuel consumption (% of total),EN.ATM.CO2E.SF.ZS,6.477914509,7.839054981,9.2098643,12.67551422,20.15953451,15.70280752,15.43206451,15.90707763,18.92662805,25.75934814,27.81512782,27.5638682,29.47598386,26.40233327,24.99694881,28.54125994,31.39339486,,,,,,
North America,NAC,CO2 emissions from solid fuel consumption (% of total),EN.ATM.CO2E.SF.ZS,34.86075348,34.51586312,35.57325432,35.00213787,35.29111062,35.47512734,35.65616352,35.25994614,35.83541783,33.97912985,33.71056389,33.32531565,30.95763942,30.49698668,30.46081251,27.49480407,25.52832229,,,,,,
Namibia,NAM,CO2 emissions from solid fuel consumption (% of total),EN.ATM.CO2E.SF.ZS,0.3780412371,0.447195122,0.1721596244,0.9692511013,0.1540756303,2.02916996,6.641023622,6.018358779,28.74135135,13.07049505,8.903897764,2.098584337,7.769067797,2.783848168,1.741825,1.803442623,3.196009174,,,,,,
New Caledonia,NCL,CO2 emissions from solid fuel consumption (% of total),EN.ATM.CO2E.SF.ZS,,,,,,,,,,,,,,,,,,,,,,,
Niger,NER,CO2 emissions from solid fuel consumption (% of total),EN.ATM.CO2E.SF.ZS,33.93343284,35.55878788,37.71771429,36.1875,44.56101266,33.775,35.2032,28.17329268,31.55325581,25.80481481,24.08978102,26.26716312,20.37222222,19.05201117,20.1870202,16.93893401,18.24192893,,,,,,
Nigeria,NGA,CO2 emissions from solid fuel consumption (% of total),EN.ATM.CO2E.SF.ZS,0.009641120021,0.008613035819,0.1320137034,0.07029657194,0.02482455151,0.02235067046,0.02386334056,0.06916564962,0.09214574456,0.1234846444,0.1131665381,0.08261435988,0.1274781486,0.105982659,0.1041402754,0.115282478,0.111613171,,,,,,
Nicaragua,NIC,CO2 emissions from solid fuel consumption (% of total),EN.ATM.CO2E.SF.ZS,0,0,0,0,0,0,0,0,0,0,0,0,0,0,0,0,0,,,,,,
Netherlands,NLD,CO2 emissions from solid fuel consumption (% of total),EN.ATM.CO2E.SF.ZS,15.65987492,14.72057348,17.00612299,17.37554793,16.79075337,16.68346371,16.56881009,16.15324303,16.1277937,15.46151925,14.78711965,17.25361931,19.15211338,18.8764613,22.18939889,25.69056922,23.90605042,,,,,,
Norway,NOR,CO2 emissions from solid fuel consumption (% of total),EN.ATM.CO2E.SF.ZS,11.68533451,10.29037378,8.936118364,8.070956358,9.387754939,8.106318394,7.224068522,8.03845,8.794073375,5.679198932,6.946801242,7.989604084,7.922820251,7.696765245,8.420305643,8.057150621,7.575567852,,,,,,
Nepal,NPL,CO2 emissions from solid fuel consumption (% of total),EN.ATM.CO2E.SF.ZS,30.40649068,32.2315562,18.66358423,21.97771523,20.8797153,29.42796238,22.53385496,27.80921933,25.01899666,18.14597938,23.7880819,21.43784615,13.87348333,17.10062397,25.76671809,32.75323529,27.99326552,,,,,,
Nauru,NRU,CO2 emissions from solid fuel consumption (% of total),EN.ATM.CO2E.SF.ZS,0,0,0,0,0,0,0,0,0,0,0,0,0,0,0,0,0,,,,,,
New Zealand,NZL,CO2 emissions from solid fuel consumption (% of total),EN.ATM.CO2E.SF.ZS,15.02848475,17.19050757,14.15475934,20.67073864,25.05653179,24.86410099,22.27347129,19.63640611,21.99986616,18.61599617,16.67996145,18.71559473,20.11637613,17.84414173,17.32568103,16.71167754,14.53627967,,,,,,
OECD members,OED,CO2 emissions from solid fuel consumption (% of total),EN.ATM.CO2E.SF.ZS,33.10124461,32.89146659,33.44618727,33.28017019,33.56604454,33.33747308,33.96675664,33.8637757,33.95563188,32.61100091,33.11149837,33.09176346,32.16423585,32.14572289,32.14230004,31.50335127,29.90892711,,,,,,
Oman,OMN,CO2 emissions from solid fuel consumption (% of total),EN.ATM.CO2E.SF.ZS,0,0,0,0,0,0,0,0,0,0,0,0,0,0,0,0,0,,,,,,
Other small states,OSS,CO2 emissions from solid fuel consumption (% of total),EN.ATM.CO2E.SF.ZS,16.11287758,15.70234254,14.73125376,15.19390301,14.81327171,14.89271023,13.314065,13.84475096,13.41149541,11.59242175,13.6243393,12.82132668,12.02309507,13.570128,13.14952294,12.02387896,11.90148581,,,,,,
Pakistan,PAK,CO2 emissions from solid fuel consumption (% of total),EN.ATM.CO2E.SF.ZS,8.331549253,8.064387336,9.861111437,12.49750804,14.26004046,13.31838004,13.3637349,15.81277793,13.31273706,12.76400992,12.40239795,12.12926786,10.23188661,9.421485872,12.27264983,11.79295006,13.6692568,,,,,,
Panama,PAN,CO2 emissions from solid fuel consumption (% of total),EN.ATM.CO2E.SF.ZS,2.986382576,2.71192926,2.846839187,0,0.06536541889,11.33061798,7.294833111,7.157513369,1.004657534,1.728126437,0,6.313553554,8.203422562,8.536748351,8.289760638,8.773383178,7.728960074,,,,,,
Peru,PER,CO2 emissions from solid fuel consumption (% of total),EN.ATM.CO2E.SF.ZS,6.939310587,7.818110774,10.1557931,10.27685598,10.39178594,10.91327273,9.238291506,10.57850484,8.796615664,7.337519194,7.250311609,6.446311239,5.996685962,6.812681745,5.777208862,5.743740245,5.688942155,,,,,,
Philippines,PHL,CO2 emissions from solid fuel consumption (% of total),EN.ATM.CO2E.SF.ZS,22.29059024,22.85031673,19.61699205,19.88723418,21.11215671,24.05852497,25.1319743,29.38124732,33.20037665,31.84026961,33.80906426,36.74814135,36.8740461,40.95941513,40.95829327,40.87025864,36.81677394,,,,,,
Palau,PLW,CO2 emissions from solid fuel consumption (% of total),EN.ATM.CO2E.SF.ZS,0,0,0,0,0,0,0,0,0,0,0,0,0,0,0,0,0,,,,,,
Papua New Guinea,PNG,CO2 emissions from solid fuel consumption (% of total),EN.ATM.CO2E.SF.ZS,0,0,0,0,0,0,0,0,0,0,0,0,0,0,0,0,0,,,,,,
Poland,POL,CO2 emissions from solid fuel consumption (% of total),EN.ATM.CO2E.SF.ZS,74.10884109,74.5889782,74.5092328,73.12320726,70.95988834,70.07273768,70.99916298,68.88160577,69.22366405,67.29782615,68.05935169,68.22303616,64.94343432,69.24684477,66.98236089,64.98474589,63.85502936,,,,,,
Pre-demographic dividend,PRE,CO2 emissions from solid fuel consumption (% of total),EN.ATM.CO2E.SF.ZS,0.4156994752,0.4040202749,0.6338833246,0.6015276762,0.6109435685,0.5909805286,0.6102084984,0.9449103985,0.9545855825,1.115441683,1.269891221,1.909108598,1.744239724,1.755234793,2.169959535,2.159177762,2.322878791,,,,,,
Puerto Rico,PRI,CO2 emissions from solid fuel consumption (% of total),EN.ATM.CO2E.SF.ZS,,,,,,,,,,,,,,,,,,,,,,,
"Korea, Dem. People's Rep.",PRK,CO2 emissions from solid fuel consumption (% of total),EN.ATM.CO2E.SF.ZS,89.42843915,88.94163328,88.58483146,88.79140913,88.96619618,90.03267174,90.73664935,89.18899299,89.58798709,87.74039379,87.4979446,84.04201674,84.75056104,78.26975557,80.8560662,75.47062846,72.08476238,,,,,,
Portugal,PRT,CO2 emissions from solid fuel consumption (% of total),EN.ATM.CO2E.SF.ZS,23.29490594,19.85246171,20.09276787,20.57082783,20.74012232,19.5084176,20.57644996,18.60940136,17.08342013,19.09705861,12.3745053,16.80187487,23.08795521,21.58772981,22.13133899,24.78994985,22.14037736,,,,,,
Paraguay,PRY,CO2 emissions from solid fuel consumption (% of total),EN.ATM.CO2E.SF.ZS,0,0,0,0,0,0,0,0,0,0,0,0.07024904215,0.07079150579,0,0,0.172700157,0.05128671329,,,,,,
West Bank and Gaza,PSE,CO2 emissions from solid fuel consumption (% of total),EN.ATM.CO2E.SF.ZS,,,,,,,,,,,,,,,,,,,,,,,
Pacific island small states,PSS,CO2 emissions from solid fuel consumption (% of total),EN.ATM.CO2E.SF.ZS,2.13945018,1.741840226,2.004322989,1.85202015,0,0,0,0,0,0,0,0,0,0,0,0,0,,,,,,
Post-demographic dividend,PST,CO2 emissions from solid fuel consumption (% of total),EN.ATM.CO2E.SF.ZS,32.96266652,32.76063583,33.3789246,33.19116118,33.542734,33.3557522,33.9740816,33.95877706,34.08237144,32.62372771,33.08073291,33.06899634,32.41673818,32.24085833,32.06587626,31.52862243,29.7332929,,,,,,
French Polynesia,PYF,CO2 emissions from solid fuel consumption (% of total),EN.ATM.CO2E.SF.ZS,,,,,,,,,,,,,,,,,,,,,,,
Qatar,QAT,CO2 emissions from solid fuel consumption (% of total),EN.ATM.CO2E.SF.ZS,0,0,0,0,0,0,0,0,0,0,0,0,0,0,0,0,0,,,,,,
Romania,ROU,CO2 emissions from solid fuel consumption (% of total),EN.ATM.CO2E.SF.ZS,32.8165144,33.6190373,35.02437547,34.6270518,35.86631552,36.3140549,38.48237417,41.16439444,38.51486188,36.88404496,35.43504903,38.39975819,36.52642481,31.333219,31.45783784,32.04726612,29.20094883,,,,,,
Russian Federation,RUS,CO2 emissions from solid fuel consumption (% of total),EN.ATM.CO2E.SF.ZS,31.17306975,29.9674346,30.04308704,29.5496327,28.55662028,28.32657791,28.26128389,26.93793762,28.13842946,24.65268204,24.92358328,24.10080793,27.40757238,25.9631241,25.19496415,29.09034516,28.85286335,,,,,,
Rwanda,RWA,CO2 emissions from solid fuel consumption (% of total),EN.ATM.CO2E.SF.ZS,0,0,0,0,0,0,0,0,0,0,0,0,0,0,0,0,0,,,,,,
South Asia,SAS,CO2 emissions from solid fuel consumption (% of total),EN.ATM.CO2E.SF.ZS,59.87002151,59.75922037,59.47760762,60.60731682,60.62312132,62.28691528,62.56755489,62.2796429,63.31474467,62.44391624,59.3296689,62.17412291,64.74116371,61.31260223,63.66758796,63.05765395,62.94886565,,,,,,
Saudi Arabia,SAU,CO2 emissions from solid fuel consumption (% of total),EN.ATM.CO2E.SF.ZS,0,0,0,0,0,0,0,0,0,0,0,0,0,0,0,0,0,,,,,,
Sudan,SDN,CO2 emissions from solid fuel consumption (% of total),EN.ATM.CO2E.SF.ZS,0,0,0,0,0,0,0,0,0,0,0,0,0,0,0,0,0,,,,,,
Senegal,SEN,CO2 emissions from solid fuel consumption (% of total),EN.ATM.CO2E.SF.ZS,0,0,5.924847162,6.288619154,6.871372913,6.532045855,8.031849192,11.41501613,9.339390625,11.13885714,9.597837838,12.44939234,10.9616756,10.25478152,13.22173862,15.33185345,17.44782258,,,,,,
Singapore,SGP,CO2 emissions from solid fuel consumption (% of total),EN.ATM.CO2E.SF.ZS,0,0,0,0.08635007849,0.1018096921,0.02981300813,0.03946193167,0.06703839122,0.04772254034,0.0377749163,0.06052581938,0.05733526915,0.2350102998,2.588274135,3.769273504,3.852364835,3.972053726,,,,,,
Solomon Islands,SLB,CO2 emissions from solid fuel consumption (% of total),EN.ATM.CO2E.SF.ZS,0,0,0,0,0,0,0,0,0,0,0,0,0,0,0,0,0,,,,,,
Sierra Leone,SLE,CO2 emissions from solid fuel consumption (% of total),EN.ATM.CO2E.SF.ZS,0,0,2.76754717,0,0,0,0,0,0,0,0,0,0,0,0,0,0,,,,,,
El Salvador,SLV,CO2 emissions from solid fuel consumption (% of total),EN.ATM.CO2E.SF.ZS,0.06513321492,0.06247018739,0.06173400673,0.05632872504,0.05489520958,0.05361111111,0.05071922545,0,0,0,0,0,0,0,0,0,0,,,,,,
San Marino,SMR,CO2 emissions from solid fuel consumption (% of total),EN.ATM.CO2E.SF.ZS,,,,,,,,,,,,,,,,,,,,,,,
Somalia,SOM,CO2 emissions from solid fuel consumption (% of total),EN.ATM.CO2E.SF.ZS,0,0,0,0,0,0,0,0,0,0,0,0,0,0,0,0,0,,,,,,
Serbia,SRB,CO2 emissions from solid fuel consumption (% of total),EN.ATM.CO2E.SF.ZS,,,,,,,74.58825335,76.11570559,69.16954625,66.91281708,66.10973853,67.51581382,66.31259186,67.84943229,63.65161932,67.74530779,67.24155061,,,,,,
Sub-Saharan Africa (excluding high income),SSA,CO2 emissions from solid fuel consumption (% of total),EN.ATM.CO2E.SF.ZS,70.95863031,64.94469995,62.38639443,64.30931725,65.3303799,63.79841948,64.65822126,64.80369623,64.53424963,65.39898192,60.57840254,59.91506293,56.92460436,54.09423724,55.01209334,52.75510159,53.63946378,,,,,,
South Sudan,SSD,CO2 emissions from solid fuel consumption (% of total),EN.ATM.CO2E.SF.ZS,,,,,,,,,,,,,0,0,0,0,0,,,,,,
Sub-Saharan Africa,SSF,CO2 emissions from solid fuel consumption (% of total),EN.ATM.CO2E.SF.ZS,70.91724253,64.90636188,62.34634447,64.2713977,65.28952422,63.75885974,64.61710617,64.762395,64.49375967,65.35352177,60.53998552,59.87957745,56.89067276,54.06429302,54.97933892,52.72027028,53.59980884,,,,,,
Small states,SST,CO2 emissions from solid fuel consumption (% of total),EN.ATM.CO2E.SF.ZS,12.38269958,11.92884474,11.33202755,11.59245496,11.23883189,11.38947538,10.09089658,10.64129213,10.59163885,8.709913032,10.88225423,10.28115311,9.646315912,11.03916568,10.80176745,9.903340676,9.875908499,,,,,,
Sao Tome and Principe,STP,CO2 emissions from solid fuel consumption (% of total),EN.ATM.CO2E.SF.ZS,0,0,0,0,0,0,0,0,0,0,0,0,0,0,0,0,0,,,,,,
Suriname,SUR,CO2 emissions from solid fuel consumption (% of total),EN.ATM.CO2E.SF.ZS,0,0,0,0,0,0,0,0,0,0,0,0,0,0,0,0,0,,,,,,
Slovak Republic,SVK,CO2 emissions from solid fuel consumption (% of total),EN.ATM.CO2E.SF.ZS,42.83464408,43.9792872,43.09302784,46.00487741,46.2292735,42.40087747,45.92462513,41.43847931,42.03441026,44.3420922,42.86614386,42.11731614,41.57519308,40.71104736,43.64271921,41.47585691,41.79215873,,,,,,
Slovenia,SVN,CO2 emissions from solid fuel consumption (% of total),EN.ATM.CO2E.SF.ZS,35.43421596,36.55078674,39.85972294,38.00172503,38.84078931,38.00512869,38.04147149,38.55974233,35.51022427,35.91440438,35.46390259,36.62337572,36.59748187,36.19278767,31.43540623,32.13149582,27.64070352,,,,,,
Sweden,SWE,CO2 emissions from solid fuel consumption (% of total),EN.ATM.CO2E.SF.ZS,17.44715653,20.05325143,20.10672714,18.41471739,21.03444299,19.71898028,20.77216769,21.42324565,20.10294691,17.1890625,19.77879077,21.29146221,19.70523132,20.78117386,20.47330179,20.52397449,20.24932715,,,,,,
Eswatini,SWZ,CO2 emissions from solid fuel consumption (% of total),EN.ATM.CO2E.SF.ZS,47.37893805,46.85611111,45.58046729,39.9703,39.63323232,37.75920792,38.12227723,38.43298077,40.62460784,35.64186916,36.67,36.67,49.12396226,51.57458065,18.71697917,22.4292233,26.23544715,,,,,,
Sint Maarten (Dutch part),SXM,CO2 emissions from solid fuel consumption (% of total),EN.ATM.CO2E.SF.ZS,,,,,,,,,,,,,,,,,,,,,,,
Seychelles,SYC,CO2 emissions from solid fuel consumption (% of total),EN.ATM.CO2E.SF.ZS,0,0,0,0,0,0,0,0,0,0,0,0,0,0,0,0,0,,,,,,
Syrian Arab Republic,SYR,CO2 emissions from solid fuel consumption (% of total),EN.ATM.CO2E.SF.ZS,0.02782949658,0.02663680387,0.01746606335,0.02601939451,0.0246217547,0.01978597122,0.01869964304,0.01770927238,0.01717296285,0.01859533469,0.01842713568,0.01967274678,0.007973472494,0.01201113659,0.01354636129,0.01408218126,0.01385865457,,,,,,
Turks and Caicos Islands,TCA,CO2 emissions from solid fuel consumption (% of total),EN.ATM.CO2E.SF.ZS,,,,,,,,,,,,,,,,,,,,,,,
Chad,TCD,CO2 emissions from solid fuel consumption (% of total),EN.ATM.CO2E.SF.ZS,0,0,0,0,0,0,0,0,0,0,0,0,0,0,0,0,0,,,,,,
East Asia & Pacific (IDA & IBRD countries),TEA,CO2 emissions from solid fuel consumption (% of total),EN.ATM.CO2E.SF.ZS,62.1183459,60.32088689,63.96244987,66.52389448,67.22462997,68.89675851,69.85886652,65.74921736,73.8969672,68.17360227,71.97403989,73.84299645,73.48709893,70.19470923,69.08877301,68.84775407,66.52162125,,,,,,
Europe & Central Asia (IDA & IBRD countries),TEC,CO2 emissions from solid fuel consumption (% of total),EN.ATM.CO2E.SF.ZS,37.62713637,36.87686856,36.70084269,36.51275519,35.95472396,35.70067512,36.76855442,35.9188148,36.09856066,34.53630778,34.81895505,34.51912143,36.4088617,35.46884979,34.77030401,35.97150551,35.82511954,,,,,,
Togo,TGO,CO2 emissions from solid fuel consumption (% of total),EN.ATM.CO2E.SF.ZS,0,0,0,0,0,0,0,0,0,0,0,0,0,0,0,0,0,,,,,,
Thailand,THA,CO2 emissions from solid fuel consumption (% of total),EN.ATM.CO2E.SF.ZS,18.45637918,20.24607403,19.2246201,19.7366644,20.22724295,19.07735922,20.76716814,23.04246933,24.68009373,23.95894849,23.85760912,26.83121175,25.13379577,25.25096815,23.55068584,24.58233693,22.6866792,,,,,,
Tajikistan,TJK,CO2 emissions from solid fuel consumption (% of total),EN.ATM.CO2E.SF.ZS,2.000181818,3.070046512,3.787511737,4.900599078,6.25379845,6.884979592,6.592359551,9.703446154,11.25514851,12.88820084,13.94066116,14.58137795,23.54729097,27.73458861,33.14246085,36.97815126,37.46984899,,,,,,
Turkmenistan,TKM,CO2 emissions from solid fuel consumption (% of total),EN.ATM.CO2E.SF.ZS,0,0,0,0,0,0,0,0,0,0,0,0,0,0,0,0,0,,,,,,
Latin America & the Caribbean (IDA & IBRD countries),TLA,CO2 emissions from solid fuel consumption (% of total),EN.ATM.CO2E.SF.ZS,8.913309657,8.707537542,8.885016209,9.983901477,9.200401843,9.769256432,9.806513907,9.338412194,9.124498078,8.318601149,9.797276293,10.53136908,9.687469095,10.10564632,10.31262238,10.56555432,10.5592207,,,,,,
Timor-Leste,TLS,CO2 emissions from solid fuel consumption (% of total),EN.ATM.CO2E.SF.ZS,,,0,0,0,0,0,0,0,0,0,0,0,0,0,0,0,,,,,,
Middle East & North Africa (IDA & IBRD countries),TMN,CO2 emissions from solid fuel consumption (% of total),EN.ATM.CO2E.SF.ZS,2.612181689,2.636164764,2.743432529,2.642643949,2.521427267,2.530749527,2.465842501,2.466514506,2.23940053,1.831268232,2.003726081,1.642501994,1.47870963,1.451809658,1.679694345,1.775871236,1.621522111,,,,,,
Tonga,TON,CO2 emissions from solid fuel consumption (% of total),EN.ATM.CO2E.SF.ZS,0,0,0,0,0,0,0,0,0,0,0,0,0,0,0,0,0,,,,,,
South Asia (IDA & IBRD),TSA,CO2 emissions from solid fuel consumption (% of total),EN.ATM.CO2E.SF.ZS,59.87002151,59.75922037,59.47760762,60.60731682,60.62312132,62.28691528,62.56755489,62.2796429,63.31474467,62.44391624,59.3296689,62.17412291,64.74116371,61.31260223,63.66758796,63.05765395,62.94886565,,,,,,
Sub-Saharan Africa (IDA & IBRD countries),TSS,CO2 emissions from solid fuel consumption (% of total),EN.ATM.CO2E.SF.ZS,70.91724253,64.90636188,62.34634447,64.2713977,65.28952422,63.75885974,64.61710617,64.762395,64.49375967,65.35352177,60.53998552,59.87957745,56.89067276,54.06429302,54.97933892,52.72027028,53.59980884,,,,,,
Trinidad and Tobago,TTO,CO2 emissions from solid fuel consumption (% of total),EN.ATM.CO2E.SF.ZS,0,0,0,0,0,0,0,0,0,0,0,0,0,0,0,0,0,,,,,,
Tunisia,TUN,CO2 emissions from solid fuel consumption (% of total),EN.ATM.CO2E.SF.ZS,1.331543239,1.185635104,0.9956419696,0.2850434385,0,0,0,0,0,0,0.2004555394,0.171088647,0,0,0,0,0,,,,,,
Turkiye,TUR,CO2 emissions from solid fuel consumption (% of total),EN.ATM.CO2E.SF.ZS,40.26217708,36.85911619,36.52904286,37.56516563,38.23247507,37.26917791,39.26550959,39.43259093,39.9143757,41.50361637,41.29324381,41.14237347,40.52788738,39.71613288,40.76501761,37.82353167,39.53632745,,,,,,
Tuvalu,TUV,CO2 emissions from solid fuel consumption (% of total),EN.ATM.CO2E.SF.ZS,0,0,0,0,0,0,0,0,0,0,0,0,0,0,0,0,0,,,,,,
Tanzania,TZA,CO2 emissions from solid fuel consumption (% of total),EN.ATM.CO2E.SF.ZS,7.085389831,6.560766773,5.85487395,3.90106383,3.379392157,1.420316901,0.786650165,1.240947547,0.6612622951,0,0,2.651384804,2.117720365,2.103182239,6.08886194,5.834576561,6.716117216,,,,,,
Uganda,UGA,CO2 emissions from solid fuel consumption (% of total),EN.ATM.CO2E.SF.ZS,0,0,0,0,0,0,0,0,0,0,0,0,0,0,0,0,0,,,,,,
Ukraine,UKR,CO2 emissions from solid fuel consumption (% of total),EN.ATM.CO2E.SF.ZS,49.27353992,47.21163367,47.06389518,47.06259092,45.52648434,47.660697,49.82941413,47.02580349,47.45937444,48.51445797,50.17527277,49.05543736,57.61880703,55.46917722,49.49624342,53.88974171,52.67178584,,,,,,
Upper middle income,UMC,CO2 emissions from solid fuel consumption (% of total),EN.ATM.CO2E.SF.ZS,49.59249412,48.34808781,50.80983056,53.65274007,54.79354944,56.33269658,57.38847325,54.79095186,60.07568023,56.80387942,60.230329,61.66638142,61.46811496,59.58393518,59.49715904,58.91215063,56.99097374,,,,,,
Uruguay,URY,CO2 emissions from solid fuel consumption (% of total),EN.ATM.CO2E.SF.ZS,0.06716117216,0.07408080808,0.08094922737,0.08167037862,0.06716117216,0.0677818854,0.1158609795,0.1880512821,0.04731612903,0.04780964798,0.05839171975,0.04818659658,0.08607981221,0.09964673913,0.1128307692,0.1112898331,0.1684686064,,,,,,
United States,USA,CO2 emissions from solid fuel consumption (% of total),EN.ATM.CO2E.SF.ZS,35.85209358,35.45080263,36.83059873,36.34364158,36.66565584,36.8927181,37.02272456,36.77636355,37.36051131,35.70114527,35.44897448,35.35906576,32.84811101,32.46881908,32.34290004,29.15700636,27.07141387,,,,,,
Uzbekistan,UZB,CO2 emissions from solid fuel consumption (% of total),EN.ATM.CO2E.SF.ZS,4.043975676,4.116934985,4.024078475,3.279254501,3.777828378,3.858318962,3.900679898,4.257252218,3.968154589,4.643071004,4.206757507,4.334473768,4.919427622,5.030658534,5.8339427,5.450116222,5.677274336,,,,,,
St. Vincent and the Grenadines,VCT,CO2 emissions from solid fuel consumption (% of total),EN.ATM.CO2E.SF.ZS,0,0,0,0,0,0,0,0,0,0,0,0,0,0,0,0,0,,,,,,
"Venezuela, RB",VEN,CO2 emissions from solid fuel consumption (% of total),EN.ATM.CO2E.SF.ZS,0.3547213334,0.1282074441,0.04534001923,0.1141788559,0,0.08610712699,0.1051978117,0.2640201597,0.3140130895,0.5256786433,0.4407246208,0.4568127865,0.4346251291,0.4239871057,0.3971691001,0.2973585231,0.2896310009,,,,,,
British Virgin Islands,VGB,CO2 emissions from solid fuel consumption (% of total),EN.ATM.CO2E.SF.ZS,,,,,,,,,,,,,,,,,,,,,,,
Virgin Islands (U.S.),VIR,CO2 emissions from solid fuel consumption (% of total),EN.ATM.CO2E.SF.ZS,,,,,,,,,,,,,,,,,,,,,,,
Viet Nam,VNM,CO2 emissions from solid fuel consumption (% of total),EN.ATM.CO2E.SF.ZS,41.21092824,44.65713519,41.51101539,45.41854811,41.22878522,42.90517492,44.67337302,34.63084456,37.13453239,34.56256073,31.78688303,39.9944645,35.51962722,36.66045239,41.86941267,39.7988695,36.26541296,,,,,,
Vanuatu,VUT,CO2 emissions from solid fuel consumption (% of total),EN.ATM.CO2E.SF.ZS,0,0,0,0,0,0,0,0,0,0,0,0,0,0,0,0,0,,,,,,
World,WLD,CO2 emissions from solid fuel consumption (% of total),EN.ATM.CO2E.SF.ZS,37.79382822,37.34054718,38.54862166,39.69751756,40.65588174,41.57368898,42.74781491,41.92072765,44.49113294,42.80029769,44.33938713,45.80555029,45.86873978,44.6198142,44.5755957,44.56084157,43.25044128,,,,,,
Samoa,WSM,CO2 emissions from solid fuel consumption (% of total),EN.ATM.CO2E.SF.ZS,0,0,0,0,0,0,0,0,0,0,0,0,0,0,0,0,0,,,,,,
Kosovo,XKX,CO2 emissions from solid fuel consumption (% of total),EN.ATM.CO2E.SF.ZS,,,,,,,,,,,,,,,,,,,,,,,
"Yemen, Rep.",YEM,CO2 emissions from solid fuel consumption (% of total),EN.ATM.CO2E.SF.ZS,0,0,0,0,0,0,0,0,0.5831213085,0.9292592593,1.880120884,2.233165781,2.40367378,1.878728653,1.853406964,2.503159747,2.965955882,,,,,,
South Africa,ZAF,CO2 emissions from solid fuel consumption (% of total),EN.ATM.CO2E.SF.ZS,118.7650543,105.4176716,98.30264166,101.3095593,101.1660418,99.83748332,100.7304302,98.88889166,98.14314235,102.2261794,95.79952318,97.96891719,93.35205245,89.87662806,92.13503259,91.03115185,93.9846632,,,,,,
Zambia,ZMB,CO2 emissions from solid fuel consumption (% of total),EN.ATM.CO2E.SF.ZS,16.00513812,16.43136612,15.85213542,15.44,11.2964455,13.77126638,6.05559633,14.81616162,14.46614679,16.47923077,14.44575758,8.748071895,8.66579602,10.81073113,10.08425,9.547218935,15.28463327,,,,,,
Zimbabwe,ZWE,CO2 emissions from solid fuel consumption (% of total),EN.ATM.CO2E.SF.ZS,73.95562774,68.69689209,73.1051241,80.47227898,76.00486182,80.70191246,83.3375178,80.06533811,78.4545,46.22785806,57.52816514,50.99970409,28.4033526,57.17078479,63.68205761,64.85266935,64.33099181,,,,,,